"ID","Página","Seção","Onde aparece","Ação","Limite","Caracteres","Texto atual","TEXTO NOVO","Comentário"
"top-bar-01","Em todas as páginas","Faixa preta no topo","Texto curto","Reescrever","","26","Duas unidades em São Paulo","",""
"top-bar-02","Em todas as páginas","Faixa preta no topo","Link ou botão","Reescrever","","10","Consolação","",""
"top-bar-03","Em todas as páginas","Faixa preta no topo","Link ou botão","Reescrever","","9","Pinheiros","",""
"nav-01","Em todas as páginas","Menu","Rótulo de link","Reescrever","22","16","Áreas de atuação","",""
"nav-02","Em todas as páginas","Menu","Rótulo de link","Reescrever","22","7","Pilates","",""
"nav-03","Em todas as páginas","Menu","Rótulo de link","Reescrever","22","10","Quem somos","",""
"nav-04","Em todas as páginas","Menu","Rótulo de link","Reescrever","22","8","Unidades","",""
"nav-05","Em todas as páginas","Menu","Rótulo de link","Reescrever","22","8","Conteúdo","",""
"nav-06","Em todas as páginas","Menu","Botão","Reescrever","30","7","Agendar","",""
"mobile-menu-01","Em todas as páginas","Menu no celular","Nome do botão para leitor de tela","Reescrever","","10","Abrir menu","",""
"mobile-menu-02","Em todas as páginas","Menu no celular","Texto","Reescrever","","4","Menu","",""
"mobile-menu-03","Em todas as páginas","Menu no celular","Botão","Reescrever","30","19","Agendar no WhatsApp","",""
"whats-app-fab-01","Em todas as páginas","Botão flutuante do WhatsApp","Nome do botão para leitor de tela","Reescrever","","17","Falar no WhatsApp","",""
"footer-01","Em todas as páginas","Rodapé","Parágrafo","Reescrever","","91","Atendimento particular, individual e baseado em evidências. Emitimos recibo para reembolso.","",""
"footer-02","Em todas as páginas","Rodapé","Texto","Reescrever","","7","Clínica","",""
"footer-03","Em todas as páginas","Rodapé","Texto","Reescrever","","8","Unidades","",""
"footer-04","Em todas as páginas","Rodapé","Texto","Reescrever","","7","Contato","",""
"footer-05","Em todas as páginas","Rodapé","Link ou botão","Reescrever","","8","WhatsApp","",""
"clinic-01","Em todas as páginas","Dados da clínica","Nome","Conferir","","27","Vyta Fisioterapia e Pilates","",""
"clinic-02","Em todas as páginas","Dados da clínica","Assinatura da marca","Conferir","","22","Fisioterapia & Pilates","",""
"layout-01","Em todas as páginas","Título padrão no Google","Descrição no Google (máx. 160 caracteres)","Reescrever","160","123","Fisioterapia oncológica, neurofuncional e ortopédica. Pilates em grupo. Duas unidades em São Paulo: Consolação e Pinheiros.","",""
"opengraph-image-01","Em todas as páginas","Imagem que aparece ao compartilhar o link","Texto","Reescrever","","4","Vyta","",""
"opengraph-image-02","Em todas as páginas","Imagem que aparece ao compartilhar o link","Texto","Reescrever","","22","Fisioterapia & Pilates","",""
"opengraph-image-03","Em todas as páginas","Imagem que aparece ao compartilhar o link","Texto","Reescrever","","34","Consolação · Pinheiros · São Paulo","",""
"logo-01","Em todas as páginas","Logo","Nome do botão para leitor de tela","Reescrever","","4","Vyta","",""
"sheet-01","Em todas as páginas","Menu no celular","Nome do botão para leitor de tela","Reescrever","","6","Fechar","",""
"home-01","Home","Título e descrição no Google","Título","Reescrever","","35","Fisioterapia e Pilates em São Paulo","",""
"home-02","Home","Título e descrição no Google","Descrição no Google (máx. 160 caracteres)","Reescrever","160","123","Fisioterapia oncológica, neurofuncional e ortopédica. Pilates em grupo. Duas unidades em São Paulo: Consolação e Pinheiros.","",""
"hero-01","Home","1. Abertura","Descrição da imagem (não aparece na tela)","Opcional","","92","Sala de Pilates da Vyta, com parede coral, cadillac, barril e reformer sobre piso de madeira","",""
"hero-02","Home","1. Abertura","Texto curto","Reescrever","","22","Fisioterapia & Pilates","",""
"hero-03","Home","1. Abertura","Título principal da página (H1)","Reescrever","","38","Cuidar do movimento é *cuidar da vida*","",""
"hero-04","Home","1. Abertura","Parágrafo","Reescrever","","180","Aqui toda sessão é conduzida por fisioterapeutas, inclusive as de Pilates. Avaliação e atendimento personalizados para as suas demandas e alguém acompanhando sua evolução de perto.","",""
"hero-05","Home","1. Abertura","Botão","Reescrever","30","19","Agendar no WhatsApp","",""
"hero-06","Home","1. Abertura","Botão","Reescrever","30","13","Como funciona","",""
"manifesto-01","Home","2. Os três números","Parágrafo","Reescrever","","112","Atendimento exclusivo, só você e o fisioterapeuta do começo ao fim. Sem sala cheia e específico para sua queixa.","",""
"manifesto-02","Home","2. Os três números","Número em destaque","Reescrever","10","9","Segurança","",""
"manifesto-03","Home","2. Os três números","Parágrafo","Reescrever","","131","Toda aula de Pilates é conduzida por fisioterapeutas. Quem entende de lesão orientando cada exercício, cada carga, cada respiração.","",""
"manifesto-04","Home","2. Os três números","Número em destaque","Reescrever","10","11","A domicílio","",""
"manifesto-05","Home","2. Os três números","Parágrafo","Reescrever","","121","Atendimento de fisioterapia na sua casa, quando ir até a clínica não é uma opção. Conforto com o mesmo cuidado e atenção.","",""
"como-funciona-01","Home","3. Como funciona","Título","Reescrever","","16","Primeiro contato","",""
"como-funciona-02","Home","3. Como funciona","Parágrafo","Reescrever","","121","Você conta o que está sentindo pelo WhatsApp. Nós indicamos a fisioterapeuta certa e a unidade compatível com o seu caso.","",""
"como-funciona-03","Home","3. Como funciona","Título","Reescrever","","9","Avaliação","",""
"como-funciona-04","Home","3. Como funciona","Parágrafo","Reescrever","","149","Uma sessão inteira para escutar, examinar e testar. O tratamento já começa neste dia, e você sai com um plano definido e *exclusivo para o seu caso*.","",""
"como-funciona-05","Home","3. Como funciona","Título","Reescrever","","10","Tratamento","",""
"como-funciona-06","Home","3. Como funciona","Parágrafo","Reescrever","","144","Sessões individuais, sempre com a mesma fisioterapeuta. Reavaliações que acontecem ao longo do processo e ajustes do plano conforme você evolui.","",""
"como-funciona-07","Home","3. Como funciona","Título","Reescrever","","12","Continuidade","",""
"como-funciona-08","Home","3. Como funciona","Parágrafo","Reescrever","","119","A alta não é fim de linha. Seguir no pilates *com quem já conhece sua história clínica* é para manter o que conquistou.","",""
"como-funciona-09","Home","3. Como funciona","Etiqueta acima do título","Reescrever","28","13","Como funciona","",""
"como-funciona-10","Home","3. Como funciona","Título","Reescrever","","70","Quatro passos entre a primeira mensagem e *voltar a se mover sem medo*","",""
"especialidades-grid-01","Home","4. Grade de especialidades (repete na página Especialidades)","Etiqueta acima do título","Reescrever","28","16","Áreas de atuação","",""
"especialidades-grid-02","Home","4. Grade de especialidades (repete na página Especialidades)","Título","Reescrever","","36","Sete frentes, uma forma de trabalhar","",""
"especialidades-grid-03","Home","4. Grade de especialidades (repete na página Especialidades)","Parágrafo","Reescrever","","165","Cada caso exige técnica própria, mas todos partem do mesmo lugar: escuta ativa, plano de tratamento individualizado e humanizado. Tratamos pessoas, não diagnósticos.","",""
"especialidades-grid-04","Home","4. Grade de especialidades (repete na página Especialidades)","Descrição da imagem (não aparece na tela)","Opcional","","150","Estúdio de Pilates da Vyta na unidade Consolação, com os aparelhos de pilates sendo eles reformer, cadillac e chair, com parede de fundo na cor coral.","",""
"especialidades-grid-05","Home","4. Grade de especialidades (repete na página Especialidades)","Subtítulo (H3)","Reescrever","","7","Pilates","",""
"especialidades-grid-06","Home","4. Grade de especialidades (repete na página Especialidades)","Parágrafo","Reescrever","","84","Força, mobilidade e respiração. Sempre conduzido por um fisioterapeuta. Ver a sala →","",""
"pilates-section-01","Home","5. Bloco escuro de Pilates (repete na página Pilates)","Item de lista","Reescrever","","64","Grupos reduzidos, aparelhos completos, metodologia contemporânea","",""
"pilates-section-02","Home","5. Bloco escuro de Pilates (repete na página Pilates)","Item de lista","Reescrever","","82","Avaliação dinâmica a cada aula, adaptando os exercícios às suas necessidades reais","",""
"pilates-section-03","Home","5. Bloco escuro de Pilates (repete na página Pilates)","Item de lista","Reescrever","","78","Transição natural para quem sai da reabilitação, mantendo um olhar terapêutico","",""
"pilates-section-04","Home","5. Bloco escuro de Pilates (repete na página Pilates)","Texto","Reescrever","","7","Pilates","",""
"pilates-section-05","Home","5. Bloco escuro de Pilates (repete na página Pilates)","Título de seção (H2)","Reescrever","","45","Todas as aulas com *fisioterapeutas*. Sempre.","",""
"pilates-section-06","Home","5. Bloco escuro de Pilates (repete na página Pilates)","Parágrafo","Reescrever","","88","Quem corrige a sua postura conhece a sua lesão e entende por que aquele ombro ainda dói.","",""
"pilates-section-07","Home","5. Bloco escuro de Pilates (repete na página Pilates)","Parágrafo","Reescrever","","123","Fortalecimento, alinhamento, mobilidade e consciência corporal. Tudo dosado para demanda de cada aluno de forma individual.","",""
"pilates-section-08","Home","5. Bloco escuro de Pilates (repete na página Pilates)","Botão","Reescrever","30","25","Agendar aula experimental","",""
"pilates-section-09","Home","5. Bloco escuro de Pilates (repete na página Pilates)","Link ou botão","Reescrever","","18","Conhecer o Pilates","",""
"pilates-section-10","Home","5. Bloco escuro de Pilates (repete na página Pilates)","Descrição da imagem (não aparece na tela)","Opcional","","137","Corredor do estúdio de Pilates da Vyta em Pinheiros, com fileira de espelhos arqueados iluminados refletindo reformers e outros aparelhos","",""
"pilates-section-11","Home","5. Bloco escuro de Pilates (repete na página Pilates)","Descrição da imagem (não aparece na tela)","Opcional","","104","Espelhos arqueados iluminados do estúdio de Pilates da Vyta em Pinheiros, refletindo cadillac e reformer","",""
"pilates-section-12","Home","5. Bloco escuro de Pilates (repete na página Pilates)","Descrição da imagem (não aparece na tela)","Opcional","","121","Fileira de aparelhos de Pilates da unidade Consolação da Vyta, com reformer, cadillac e escada sueca junto à parede coral","",""
"founders-01","Home","6. Quem somos","Etiqueta acima do título","Reescrever","28","10","Quem somos","",""
"founders-02","Home","6. Quem somos","Título","Reescrever","","74","Duas fisioterapeutas que *atendem* e acompanham do primeiro contato à alta","",""
"founders-03","Home","6. Quem somos","Texto de apoio abaixo do título","Reescrever","","179","A Vyta nasceu de uma amizade formada na graduação e do mesmo incômodo: reabilitação boa não cabe em trinta minutos. Aqui, quem fundou a clínica é quem senta com você na avaliação.","",""
"pull-quote-01","Home","7. Citação das fundadoras","Parágrafo","Reescrever","","159","“Uma sessão de fisioterapia leva o tempo que precisa levar. Por isso o atendimento é particular: assim conseguimos dedicar *uma hora inteira* a cada paciente.”","",""
"pull-quote-02","Home","7. Citação das fundadoras","Texto","Reescrever","","27","Vyvyan & Tainá · fundadoras","",""
"blog-teasers-01","Home","8. Conteúdo","Etiqueta acima do título","Reescrever","28","8","Conteúdo","",""
"blog-teasers-02","Home","8. Conteúdo","Título","Reescrever","","38","O que a gente escreve entre as sessões","",""
"blog-teasers-03","Home","8. Conteúdo","Link ou botão","Reescrever","","21","Ver todos os textos →","",""
"unidades-section-01","Home","9. Unidades (repete na página Unidades)","Etiqueta acima do título","Reescrever","28","8","Unidades","",""
"unidades-section-02","Home","9. Unidades (repete na página Unidades)","Título","Reescrever","","22","Consolação e Pinheiros","",""
"unidades-section-03","Home","9. Unidades (repete na página Unidades)","Link ou botão","Reescrever","","15","Ver a unidade →","",""
"contact-cta-01","Home","10. Chamada final","Descrição da imagem (não aparece na tela)","Opcional","","103","Sala de fisioterapia da Vyta em Pinheiros, com maca de atendimento, espaldar e espelho de corpo inteiro","",""
"contact-cta-02","Home","10. Chamada final","Título de seção (H2)","Reescrever","","43","Conta pra gente o que está *te incomodando*","",""
"contact-cta-03","Home","10. Chamada final","Parágrafo","Reescrever","","152","Basta contar o que está sentindo. A gente responde qual fisioterapeuta é a mais indicada, qual unidade fica melhor para você e quando você pode começar.","",""
"contact-cta-04","Home","10. Chamada final","Botão","Reescrever","30","17","Falar no WhatsApp","",""
"team-01","Home","Fisioterapeutas (o nome também assina os guias)","Nome","Conferir","","21","Vyvyan Maximo Andrade","",""
"team-02","Home","Fisioterapeutas (o nome também assina os guias)","Especialidade","Conferir","","14","Neurofuncional","",""
"team-03","Home","Fisioterapeutas (o nome também assina os guias)","Registro no Crefito","Conferir","","18","Crefito 3: 293919F","",""
"team-04","Home","Fisioterapeutas (o nome também assina os guias)","Minibiografia","Conferir","","131","Trabalha com quem precisa reaprender um movimento depois de um AVC, de uma cirurgia de coluna, de um diagnóstico que mudou o passo.","",""
"team-05","Home","Fisioterapeutas (o nome também assina os guias)","Formação (item da lista)","Conferir","","61","Graduada em Fisioterapia pela Universidade de São Paulo (USP)","",""
"team-06","Home","Fisioterapeutas (o nome também assina os guias)","Formação (item da lista)","Conferir","","74","Residência em Neurologia e Neurocirurgia pelo Hospital São Paulo (Unifesp)","",""
"team-07","Home","Fisioterapeutas (o nome também assina os guias)","Nome","Conferir","","21","Tainá Horacio Peixoto","",""
"team-08","Home","Fisioterapeutas (o nome também assina os guias)","Especialidade","Conferir","","10","Oncológica","",""
"team-09","Home","Fisioterapeutas (o nome também assina os guias)","Registro no Crefito","Conferir","","18","Crefito 3: 293916F","",""
"team-10","Home","Fisioterapeutas (o nome também assina os guias)","Minibiografia","Conferir","","138","Acompanha pacientes durante e depois do tratamento oncológico, quando o movimento ajuda a reduzir efeitos colaterais e a manter autonomia.","",""
"team-11","Home","Fisioterapeutas (o nome também assina os guias)","Formação (item da lista)","Conferir","","61","Graduada em Fisioterapia pela Universidade de São Paulo (USP)","",""
"team-12","Home","Fisioterapeutas (o nome também assina os guias)","Formação (item da lista)","Conferir","","62","Residência em Oncologia pelo Hospital AC Camargo Cancer Center","",""
"especialidades-01","Especialidades","Página de lista","Título","Reescrever","","16","Áreas de atuação","",""
"especialidades-02","Especialidades","Página de lista","Descrição no Google (máx. 160 caracteres)","Reescrever","160","151","Seis áreas de atuação em fisioterapia e Pilates em São Paulo: neurofuncional, oncológica, ortopédica, gerontologia, respiratória e pré e pós-cirúrgica.","",""
"especialidades-03","Especialidades","Página de lista","Nome","Conferir","","6","Início","",""
"especialidades-04","Especialidades","Página de lista","Nome","Conferir","","16","Áreas de atuação","",""
"especialidades-05","Especialidades","Página de lista","Etiqueta acima do título","Reescrever","28","16","Áreas de atuação","",""
"especialidades-06","Especialidades","Página de lista","Título","Reescrever","","14","O que tratamos","",""
"especialidades-07","Especialidades","Página de lista","Texto de apoio abaixo do título","Reescrever","","129","Cada área tem técnica própria, mas todas partem do mesmo lugar: avaliar antes de tratar, e tratar uma pessoa. Não um diagnóstico.","",""
"especialidades-slug-01","Especialidades","Moldura da página de cada especialidade","Nome","Conferir","","6","Início","",""
"especialidades-slug-02","Especialidades","Moldura da página de cada especialidade","Nome","Conferir","","16","Áreas de atuação","",""
"especialidades-slug-03","Especialidades","Moldura da página de cada especialidade","Nome do botão para leitor de tela","Reescrever","","6","Trilha","",""
"especialidades-slug-04","Especialidades","Moldura da página de cada especialidade","Link ou botão","Reescrever","","6","Início","",""
"especialidades-slug-05","Especialidades","Moldura da página de cada especialidade","Link ou botão","Reescrever","","16","Áreas de atuação","",""
"especialidades-slug-06","Especialidades","Moldura da página de cada especialidade","Texto","Reescrever","","16","Áreas de atuação","",""
"especialidades-slug-07","Especialidades","Moldura da página de cada especialidade","Botão","Reescrever","30","17","Agendar avaliação","",""
"especialidades-slug-08","Especialidades","Moldura da página de cada especialidade","Título de seção (H2)","Reescrever","","18","Para quem funciona","",""
"especialidades-slug-09","Especialidades","Moldura da página de cada especialidade","Título de seção (H2)","Reescrever","","13","Como funciona","",""
"especialidades-slug-10","Especialidades","Moldura da página de cada especialidade","Título de seção (H2)","Reescrever","","20","Perguntas frequentes","",""
"especialidades-slug-11","Especialidades","Moldura da página de cada especialidade","Título de seção (H2)","Reescrever","","26","Para ler antes da consulta","",""
"especialidades-slug-12","Especialidades","Moldura da página de cada especialidade","Título de seção (H2)","Reescrever","","14","Onde atendemos","",""
"especialidades-slug-13","Especialidades","Moldura da página de cada especialidade","Botão","Reescrever","30","17","Agendar avaliação","",""
"specialities-01","Especialidades","Texto de cada especialidade","Título","Conferir","","27","Fisioterapia Neurofuncional","",""
"specialities-02","Especialidades","Texto de cada especialidade","Título curto do card","Conferir","24","14","Neurofuncional","",""
"specialities-03","Especialidades","Texto de cada especialidade","Descrição no Google (máx. 160 caracteres)","Conferir","160","152","Fisioterapia neurofuncional na Consolação e em Pinheiros. Reabilitação após AVC, lesão medular, Parkinson e cirurgias neurológicas. Também em domicílio.","",""
"specialities-04","Especialidades","Texto de cada especialidade","Texto do card","Conferir","","134","Recuperar marcha, equilíbrio e independência nas atividades do dia a dia, após AVC, lesão medular, Parkinson e cirurgias neurológicas.","",""
"specialities-05","Especialidades","Texto de cada especialidade","Parágrafo de abertura","Conferir","","175","Depois de um AVC, uma lesão medular ou com o Parkinson, a rotina muda. Nosso trabalho é devolver movimento, equilíbrio e independência, com objetivos definidos junto com você.","",""
"specialities-06","Especialidades","Texto de cada especialidade","Para quem é (item da lista)","Conferir","","129","Pacientes com lesões neurológicas: após AVC, lesão medular, esclerose múltipla, paralisia cerebral, lesões cerebrais traumáticas.","",""
"specialities-07","Especialidades","Texto de cada especialidade","Para quem é (item da lista)","Conferir","","80","Pacientes com distúrbios de movimento: doença de Parkinson, distonias e ataxias.","",""
"specialities-08","Especialidades","Texto de cada especialidade","Para quem é (item da lista)","Conferir","","62","Pacientes pós operatório: após cirurgias de coluna e cerebral.","",""
"specialities-09","Especialidades","Texto de cada especialidade","Para quem é (item da lista)","Conferir","","163","Adultos e idosos com comprometimento neuromuscular: podem apresentar sintomas como dor ou formigamento nos membros ou na face, fraqueza muscular, fadiga e cãibras.","",""
"specialities-10","Especialidades","Texto de cada especialidade","Como é o tratamento","Conferir","","252","Você começa por uma avaliação detalhada da sua queixa. Definimos juntos onde queremos chegar e montamos um plano com técnicas e exercícios escolhidos especificamente para o seu caso. Ao longo do tratamento, reavaliamos e ajustamos conforme você evolui.","",""
"specialities-11","Especialidades","Texto de cada especialidade","Pergunta","Conferir","","48","Quanto tempo dura a reabilitação neurofuncional?","",""
"specialities-12","Especialidades","Texto de cada especialidade","Resposta","Conferir","","236","Depende do quadro e do objetivo definido na avaliação inicial. Cada caso tem um ritmo, e por isso reavaliamos ao longo do tratamento e ajustamos o plano conforme a evolução. Na primeira sessão conversamos sobre o que é realista esperar.","",""
"specialities-13","Especialidades","Texto de cada especialidade","Pergunta","Conferir","","43","Quais condições neurológicas são atendidas?","",""
"specialities-14","Especialidades","Texto de cada especialidade","Resposta","Conferir","","145","AVC, lesão medular, esclerose múltipla, paralisia cerebral, lesões cerebrais traumáticas, doença de Parkinson, distonias e ataxias, entre outras.","",""
"specialities-15","Especialidades","Texto de cada especialidade","Pergunta","Conferir","","27","As sessões são individuais?","",""
"specialities-16","Especialidades","Texto de cada especialidade","Resposta","Conferir","","134","Sim. Todo atendimento é individual, do começo ao fim, sempre com a mesma fisioterapeuta. Você não divide o horário com outro paciente.","",""
"specialities-17","Especialidades","Texto de cada especialidade","Nome da condição (usado pelo Google, não aparece na tela)","Opcional","","23","Distúrbios neurológicos","",""
"specialities-18","Especialidades","Texto de cada especialidade","Título","Conferir","","23","Fisioterapia Oncológica","",""
"specialities-19","Especialidades","Texto de cada especialidade","Título curto do card","Conferir","24","10","Oncológica","",""
"specialities-20","Especialidades","Texto de cada especialidade","Descrição no Google (máx. 160 caracteres)","Conferir","160","154","Fisioterapia oncológica na Consolação e em Pinheiros. Cuidado com linfedema, mobilidade de ombro, fadiga e força durante e depois do tratamento do câncer.","",""
"specialities-21","Especialidades","Texto de cada especialidade","Texto do card","Conferir","","104","Reabilitação durante e depois do tratamento oncológico: mobilidade, linfedema, fadiga e condicionamento.","",""
"specialities-22","Especialidades","Texto de cada especialidade","Parágrafo de abertura","Conferir","","238","Acompanhamos pacientes em todas as fases do tratamento oncológico. Antes, para preparar o corpo. Durante, para manejo dos efeitos colaterais do tratamento como fadiga, dor e linfedema. Depois, para recuperar mobilidade, força e autonomia.","",""
"specialities-23","Especialidades","Texto de cada especialidade","Para quem é (item da lista)","Conferir","","272","Pacientes em tratamento de câncer: que estão passando por quimioterapia, radioterapia, cirurgia ou terapia-alvo. Esses tratamentos podem causar efeitos colaterais que afetam a função física, como fadiga, fraqueza muscular, dor, rigidez articular e problemas de equilíbrio.","",""
"specialities-24","Especialidades","Texto de cada especialidade","Para quem é (item da lista)","Conferir","","95","Pacientes com linfedema: linfedema em perna ou braço, após tratamentos ginecológicos e de mama.","",""
"specialities-25","Especialidades","Texto de cada especialidade","Para quem é (item da lista)","Conferir","","173","Pacientes em recuperação pós-cirúrgica: O procedimento cirúrgico pode resultar em restrições de movimento, retração cicatricial, perda de força muscular e aumento da fadiga.","",""
"specialities-26","Especialidades","Texto de cada especialidade","Para quem é (item da lista)","Conferir","","119","Pacientes com dor crônica relacionada ao câncer: devido à progressão da doença ou aos efeitos colaterais do tratamento.","",""
"specialities-27","Especialidades","Texto de cada especialidade","Para quem é (item da lista)","Conferir","","160","Pacientes pós tratamento oncológico: que podem passar por fadiga persistente, fraqueza muscular, dificuldades de equilíbrio e alterações na composição corporal.","",""
"specialities-28","Especialidades","Texto de cada especialidade","Como é o tratamento","Conferir","","318","Começamos por uma avaliação que considera a fase do tratamento, os procedimentos já realizados e os sintomas presentes. O plano é individualizado e reavaliado ao longo do percurso, porque a conduta muda conforme o tratamento avança, o que funciona durante a quimioterapia não é o mesmo que funciona depois da cirurgia.","",""
"specialities-29","Especialidades","Texto de cada especialidade","Pergunta","Conferir","","81","A fisioterapia oncológica pode ser feita durante a quimioterapia ou radioterapia?","",""
"specialities-30","Especialidades","Texto de cada especialidade","Resposta","Conferir","","339","Sim, e é recomendável que seja feito nessa fase. A fisioterapia oncológica atende pacientes em todas as fases do tratamento contra o câncer, incluindo quimioterapia, radioterapia, cirurgia ou terapia-alvo, com foco na prevenção e alívio de efeitos colaterais como fadiga, fraqueza muscular, dor, rigidez articular e questões de equilíbrio.","",""
"specialities-31","Especialidades","Texto de cada especialidade","Pergunta","Conferir","","42","A fisioterapia oncológica trata linfedema?","",""
"specialities-32","Especialidades","Texto de cada especialidade","Resposta","Conferir","","195","Sim. Atendemos linfedema de braço e de perna após tratamentos de mama e ginecológicos, com drenagem, exercícios e orientação de cuidados para o dia a dia. Quanto antes começar, melhor o controle.","",""
"specialities-33","Especialidades","Texto de cada especialidade","Pergunta","Conferir","","20","Como são as sessões?","",""
"specialities-34","Especialidades","Texto de cada especialidade","Resposta","Conferir","","192","Individuais e conduzidas pela mesma fisioterapeuta do início ao fim. Cada sessão é ajustada ao seu momento no tratamento, respeitando fadiga, contagem sanguínea e como você chegou naquele dia.","",""
"specialities-35","Especialidades","Texto de cada especialidade","Nome da condição (usado pelo Google, não aparece na tela)","Opcional","","6","Câncer","",""
"specialities-36","Especialidades","Texto de cada especialidade","Título","Conferir","","23","Fisioterapia Ortopédica","",""
"specialities-37","Especialidades","Texto de cada especialidade","Título curto do card","Conferir","24","10","Ortopédica","",""
"specialities-38","Especialidades","Texto de cada especialidade","Descrição no Google (máx. 160 caracteres)","Conferir","160","157","Fisioterapia ortopédica na Consolação e em Pinheiros: dor na coluna, ombro e joelho, reabilitação pós-operatória e lesões esportivas. Atendimento individual.","",""
"specialities-39","Especialidades","Texto de cada especialidade","Texto do card","Conferir","","100","Prevenir, tratar e reabilitar, de uma entorse ao pós-operatório, até você voltar ao que fazia antes.","",""
"specialities-40","Especialidades","Texto de cada especialidade","Parágrafo de abertura","Conferir","","173","De uma entorse a uma prótese de joelho. Tratamos dor, lesão e limitação de movimento em músculos, ossos, tendões e articulações, na fase aguda ou na recuperação de cirurgia.","",""
"specialities-41","Especialidades","Texto de cada especialidade","Para quem é (item da lista)","Conferir","","130","Pacientes com lesões musculoesqueléticas: como entorses, distensões musculares, tendinites, fraturas ósseas e lesões ligamentares.","",""
"specialities-42","Especialidades","Texto de cada especialidade","Para quem é (item da lista)","Conferir","","112","Pessoas com dor crônica ou aguda nas articulações: como artrite/osteoartrite, bursite, epicondilite e tendinite.","",""
"specialities-43","Especialidades","Texto de cada especialidade","Para quem é (item da lista)","Conferir","","182","Pacientes em processo de reabilitação pós-cirúrgica: cirurgias ortopédicas como a substituição total do joelho ou do quadril, reparo de ligamentos ou tendões, ou fixação de fraturas.","",""
"specialities-44","Especialidades","Texto de cada especialidade","Para quem é (item da lista)","Conferir","","103","Atletas com lesões esportivas: como entorses, contusões, distensões musculares e lesões nos ligamentos.","",""
"specialities-45","Especialidades","Texto de cada especialidade","Para quem é (item da lista)","Conferir","","143","Indivíduos com desordens posturais: como cifose, lordose ou escoliose. Podem apresentar dores nas costas, restrições de movimento e má postura.","",""
"specialities-46","Especialidades","Texto de cada especialidade","Como é o tratamento","Conferir","","252","Primeiro, uma avaliação que testa movimento, força e função para entender de onde vem a dor. Depois, um plano com técnicas manuais e exercícios progressivos, ajustado conforme você evolui. O foco é na recuperação e na prevenção de futuras complicações.","",""
"specialities-47","Especialidades","Texto de cada especialidade","Pergunta","Conferir","","45","Quais lesões a fisioterapia ortopédica trata?","",""
"specialities-48","Especialidades","Texto de cada especialidade","Resposta","Conferir","","179","Entorses, distensões musculares, tendinites, fraturas ósseas e lesões ligamentares, além de dor crônica ou aguda em articulações como artrite/osteoartrite, bursite e epicondilite.","",""
"specialities-49","Especialidades","Texto de cada especialidade","Pergunta","Conferir","","45","Atende reabilitação após cirurgia ortopédica?","",""
"specialities-50","Especialidades","Texto de cada especialidade","Resposta","Conferir","","217","Sim, inclusive após cirurgias como prótese de joelho ou quadril, reparo de ligamentos ou tendões e fixação de fraturas. Também atendemos no pré-operatório: chegar mais forte à cirurgia costuma facilitar a recuperação.","",""
"specialities-51","Especialidades","Texto de cada especialidade","Pergunta","Conferir","","37","Atende atletas com lesões esportivas?","",""
"specialities-52","Especialidades","Texto de cada especialidade","Resposta","Conferir","","194","Sim. Entorses, contusões, distensões e lesões ligamentares, do atleta de competição a quem corre no fim de semana ou treina na academia. O tratamento acompanha até o retorno seguro à modalidade.","",""
"specialities-53","Especialidades","Texto de cada especialidade","Nome da condição (usado pelo Google, não aparece na tela)","Opcional","","26","Lesões musculoesqueléticas","",""
"specialities-54","Especialidades","Texto de cada especialidade","Título","Conferir","","28","Fisioterapia em Gerontologia","",""
"specialities-55","Especialidades","Texto de cada especialidade","Título curto do card","Conferir","24","12","Gerontologia","",""
"specialities-56","Especialidades","Texto de cada especialidade","Descrição no Google (máx. 160 caracteres)","Conferir","160","137","Fisioterapia para idosos na Consolação e em Pinheiros: prevenção de quedas, equilíbrio e recuperação após internação. Também a domicílio.","",""
"specialities-57","Especialidades","Texto de cada especialidade","Texto do card","Conferir","","112","Prevenir quedas, recuperar equilíbrio e força, e devolver autonomia depois de internações e períodos de repouso.","",""
"specialities-58","Especialidades","Texto de cada especialidade","Parágrafo de abertura","Conferir","","164","A fisioterapia em gerontologia cuida da saúde, independência e qualidade de vida da pessoa idosa, com trabalho de equilíbrio, força muscular e mobilidade articular.","",""
"specialities-59","Especialidades","Texto de cada especialidade","Para quem é (item da lista)","Conferir","","46","Idosos com histórico de desequilíbrio e queda.","",""
"specialities-60","Especialidades","Texto de cada especialidade","Para quem é (item da lista)","Conferir","","127","Pacientes com doenças crônicas relacionadas à idade: como osteoartrite, osteoporose, doenças cardíacas e doenças respiratórias.","",""
"specialities-61","Especialidades","Texto de cada especialidade","Para quem é (item da lista)","Conferir","","199","Idosos em processo de reabilitação pós-hospitalar: esses pacientes podem apresentar fraqueza muscular, perda de mobilidade e limitações funcionais devido a doenças agudas ou procedimentos cirúrgicos.","",""
"specialities-62","Especialidades","Texto de cada especialidade","Para quem é (item da lista)","Conferir","","55","Pessoas com demência, doença de Alzheimer ou Parkinson.","",""
"specialities-63","Especialidades","Texto de cada especialidade","Para quem é (item da lista)","Conferir","","124","Idosos que desejam manter um estilo de vida ativo e saudável: prevenindo futuras complicações secundárias ao envelhecimento.","",""
"specialities-64","Especialidades","Texto de cada especialidade","Como é o tratamento","Conferir","","363","A fisioterapia em gerontologia é voltada para o atendimento de idosos, visando promover a saúde, independência e qualidade de vida nessa fase da vida. Por meio de exercícios específicos, treinamento de equilíbrio, fortalecimento muscular e mobilidade articular, busca-se prevenir quedas, melhorar a funcionalidade, reduzir dores e promover o envelhecimento ativo.","",""
"specialities-65","Especialidades","Texto de cada especialidade","Pergunta","Conferir","","55","A fisioterapia em gerontologia ajuda a prevenir quedas?","",""
"specialities-66","Especialidades","Texto de cada especialidade","Resposta","Conferir","","215","Sim, e é uma das intervenções mais bem estabelecidas na área. Avaliamos o risco de queda, treinamos equilíbrio e força, e orientamos as adaptações necessárias em casa como tapete, iluminação, apoio no banheiro, etc.","",""
"specialities-67","Especialidades","Texto de cada especialidade","Pergunta","Conferir","","41","Atende idosos com Parkinson ou Alzheimer?","",""
"specialities-68","Especialidades","Texto de cada especialidade","Resposta","Conferir","","256","Sim. Atendemos Parkinson, Alzheimer e outras demências. Nessas condições a fisioterapia trabalha manutenção: preservar marcha, equilíbrio e independência pelo maior tempo possível, e reduzir o risco de queda, que é o que costuma acelerar a perda de função.","",""
"specialities-69","Especialidades","Texto de cada especialidade","Pergunta","Conferir","","51","Serve para reabilitação após internação hospitalar?","",""
"specialities-70","Especialidades","Texto de cada especialidade","Resposta","Conferir","","246","Sim. Perda de força, dificuldade para andar e insegurança ao levantar são muito comuns depois de uma internação, mesmo curta. Começar cedo faz diferença, atendemos na clínica e também em domicílio, para quem ainda não tem condição de se deslocar.","",""
"specialities-71","Especialidades","Texto de cada especialidade","Nome da condição (usado pelo Google, não aparece na tela)","Opcional","","23","Envelhecimento e quedas","",""
"specialities-72","Especialidades","Texto de cada especialidade","Título","Conferir","","25","Fisioterapia Respiratória","",""
"specialities-73","Especialidades","Texto de cada especialidade","Título curto do card","Conferir","24","12","Respiratória","",""
"specialities-74","Especialidades","Texto de cada especialidade","Descrição no Google (máx. 160 caracteres)","Conferir","160","154","Fisioterapia respiratória na Consolação e em Pinheiros: falta de ar, asma, enfisema, bronquite crônica e recuperação após internação. Também em domicílio.","",""
"specialities-75","Especialidades","Texto de cada especialidade","Texto do card","Conferir","","136","Melhorar capacidade respiratória e tolerância ao esforço, para voltar a caminhar, subir escada e fazer suas atividades sem ficar sem ar.","",""
"specialities-76","Especialidades","Texto de cada especialidade","Parágrafo de abertura","Conferir","","241","Quando subir uma escada ou atravessar a rua já cansa, a fisioterapia respiratória trabalha capacidade pulmonar, força muscular e tolerância ao esforço. Atendemos asma, DPOC, bronquite crônica, fibrose pulmonar e recuperação após internações.","",""
"specialities-77","Especialidades","Texto de cada especialidade","Para quem é (item da lista)","Conferir","","133","Adultos com doenças respiratórias crônicas: como asma, doença pulmonar obstrutiva crônica (DPOC), fibrose pulmonar e bronquiectasias.","",""
"specialities-78","Especialidades","Texto de cada especialidade","Para quem é (item da lista)","Conferir","","94","Pacientes em recuperação pós-cirúrgica: principalmente após cirurgias torácicas ou abdominais.","",""
"specialities-79","Especialidades","Texto de cada especialidade","Para quem é (item da lista)","Conferir","","163","Pessoas com limitações respiratórias devido ao envelhecimento: como redução da capacidade pulmonar, fraqueza muscular respiratória e diminuição da função pulmonar.","",""
"specialities-80","Especialidades","Texto de cada especialidade","Para quem é (item da lista)","Conferir","","145","Pacientes com falta de ar crônica: causada por doenças respiratórias, como DPOC, ou por outras condições, como insuficiência cardíaca congestiva.","",""
"specialities-81","Especialidades","Texto de cada especialidade","Para quem é (item da lista)","Conferir","","133","Pessoas com condições neuromusculares respiratórias: como esclerose lateral amiotrófica (ELA), distrofia muscular e lesões medulares.","",""
"specialities-82","Especialidades","Texto de cada especialidade","Como é o tratamento","Conferir","","383","A fisioterapia respiratória para adultos é direcionada ao tratamento de distúrbios respiratórios, como doença pulmonar obstrutiva crônica (DPOC), asma, bronquite e fibrose pulmonar. Por meio de técnicas de reabilitação pulmonar, exercícios respiratórios e desobstrução brônquica, busca-se melhorar a capacidade pulmonar, a eficiência respiratória e a qualidade de vida dos pacientes.","",""
"specialities-83","Especialidades","Texto de cada especialidade","Pergunta","Conferir","","46","A fisioterapia respiratória trata DPOC e asma?","",""
"specialities-84","Especialidades","Texto de cada especialidade","Resposta","Conferir","","223","Sim. Em asma, DPOC, fibrose pulmonar e bronquiectasias, o trabalho é de condicionamento: fortalecer a musculatura respiratória, melhorar o controle da respiração e aumentar o quanto você aguenta de esforço sem ficar sem ar.","",""
"specialities-85","Especialidades","Texto de cada especialidade","Pergunta","Conferir","","37","Serve para recuperação após cirurgia?","",""
"specialities-86","Especialidades","Texto de cada especialidade","Resposta","Conferir","","297","Sim, principalmente após cirurgias torácicas e abdominais. Nesses casos a respiração fica limitada pela dor, o pulmão não expande como deveria, favorecendo o acúmulo de secreção, e isso pode causar infecções. O trabalho da fisioterapia respiratória reduz esse risco e acelera a retomada da rotina.","",""
"specialities-87","Especialidades","Texto de cada especialidade","Pergunta","Conferir","","49","Funciona para quem tem falta de ar há meses/anos?","",""
"specialities-88","Especialidades","Texto de cada especialidade","Resposta","Conferir","","237","Sim. Falta de ar crônica por DPOC, fibrose ou insuficiência cardíaca costuma criar um ciclo: a pessoa evita esforço, perde condicionamento, e passa a cansar cada vez mais fácil. A fisioterapia trabalha justamente para quebrar esse ciclo.","",""
"specialities-89","Especialidades","Texto de cada especialidade","Nome da condição (usado pelo Google, não aparece na tela)","Opcional","","30","Doenças respiratórias crônicas","",""
"specialities-90","Especialidades","Texto de cada especialidade","Título","Conferir","","32","Fisioterapia Pré e Pós-Cirúrgica","",""
"specialities-91","Especialidades","Texto de cada especialidade","Título curto do card","Conferir","24","19","Pré e pós-cirúrgico","",""
"specialities-92","Especialidades","Texto de cada especialidade","Descrição no Google (máx. 160 caracteres)","Conferir","160","154","Fisioterapia pré e pós-operatória na Consolação e em Pinheiros: preparo antes da cirurgia e recuperação dos movimentos e força depois. Também a domicílio.","",""
"specialities-93","Especialidades","Texto de cada especialidade","Texto do card","Conferir","","120","Chegar mais forte à cirurgia e voltar mais rápido à rotina depois: em procedimentos ortopédicos, abdominais e cardíacos.","",""
"specialities-94","Especialidades","Texto de cada especialidade","Parágrafo de abertura","Conferir","","254","Quem chega mais forte à cirurgia costuma se recuperar melhor. Trabalhamos os dois momentos: o preparo antes, para você entrar no procedimento em melhores condições, e a reabilitação depois, para recuperar mobilidade, força e função o mais breve possível.","",""
"specialities-95","Especialidades","Texto de cada especialidade","Para quem é (item da lista)","Conferir","","145","Pacientes em preparação para cirurgia que desejem chegar em melhores condições para o procedimento, o que costuma facilitar a recuperação depois.","",""
"specialities-96","Especialidades","Texto de cada especialidade","Para quem é (item da lista)","Conferir","","138","Depois de cirurgia ortopédica: prótese de joelho ou quadril, reparo de ligamento, fixação de fratura: recuperar amplitude, força e marcha.","",""
"specialities-97","Especialidades","Texto de cada especialidade","Para quem é (item da lista)","Conferir","","106","Depois de cirurgia abdominal: retomar mobilidade e respiração eficiente, com progressão segura de esforço.","",""
"specialities-98","Especialidades","Texto de cada especialidade","Para quem é (item da lista)","Conferir","","134","Depois de cirurgia cardíaca: recuperação de condicionamento e retorno gradual às atividades, respeitando os limites do pós-operatório.","",""
"specialities-99","Especialidades","Texto de cada especialidade","Como é o tratamento","Conferir","","467","A fisioterapia para condicionamento físico pré e pós cirúrgico tem como objetivo preparar o paciente antes de uma cirurgia, melhorando sua condição física e reduzindo o risco de complicações. Após a cirurgia, a fisioterapia auxilia na recuperação, restaurando a mobilidade, força muscular e função, além de reduzir o tempo de internação e acelerar o retorno às atividades cotidianas. Sempre alinhados às orientações do cirurgião e respeitando o tempo de cicatrização.","",""
"specialities-100","Especialidades","Texto de cada especialidade","Pergunta","Conferir","","37","O que é a fisioterapia pré-cirúrgica?","",""
"specialities-101","Especialidades","Texto de cada especialidade","Resposta","Conferir","","267","É preparar o corpo para o que vem. Nas semanas anteriores à cirurgia, trabalhamos condicionamento, força e mobilidade, e já ensinamos os movimentos que você vai precisar fazer depois: levantar da cama, sentar, andar com apoio. Chegar treinado facilita bastante o pós.","",""
"specialities-102","Especialidades","Texto de cada especialidade","Pergunta","Conferir","","48","Quais cirurgias são atendidas no pós-operatório?","",""
"specialities-103","Especialidades","Texto de cada especialidade","Resposta","Conferir","","101","Atendemos pós-operatório de cirurgias ortopédicas, abdominais, cardíacas, neurológicas e oncológicas.","",""
"specialities-104","Especialidades","Texto de cada especialidade","Pergunta","Conferir","","53","O que a fisioterapia pós-cirúrgica ajuda a restaurar?","",""
"specialities-105","Especialidades","Texto de cada especialidade","Resposta","Conferir","","249","Movimento, força, confiança e a capacidade de fazer as coisas do dia a dia da forma mais segura e independente possível. O objetivo é você voltar à sua rotina (trabalho, esporte, tarefas de casa), com ou sem adaptações, de forma mais breve possível.","",""
"specialities-106","Especialidades","Texto de cada especialidade","Nome da condição (usado pelo Google, não aparece na tela)","Opcional","","21","Recuperação cirúrgica","",""
"pilates-01","Pilates","Página de Pilates","Descrição da imagem (não aparece na tela)","Opcional","","81","Cadeiras de pilates e bolas suíças refletidas no espelho do estúdio de Pinheiros.","",""
"pilates-02","Pilates","Página de Pilates","Descrição da imagem (não aparece na tela)","Opcional","","83","Escada e cadillac refletidos nos espelhos ovais do estúdio de pilates de Pinheiros.","",""
"pilates-03","Pilates","Página de Pilates","Descrição da imagem (não aparece na tela)","Opcional","","74","Corredor do estúdio de pilates de Pinheiros com bolas, cadillac e cadeira.","",""
"pilates-04","Pilates","Página de Pilates","Descrição da imagem (não aparece na tela)","Opcional","","87","Estúdio de pilates da unidade Consolação com letreiro VYTA e variedade de equipamentos.","",""
"pilates-05","Pilates","Página de Pilates","Descrição da imagem (não aparece na tela)","Opcional","","78","Estúdio de pilates da unidade Consolação com luz natural, cadillac e espaldar.","",""
"pilates-06","Pilates","Página de Pilates","Descrição da imagem (não aparece na tela)","Opcional","","95","Reformer, cadillac e escada no estúdio de pilates da unidade Consolação, parede coral ao fundo.","",""
"pilates-07","Pilates","Página de Pilates","Item de lista","Reescrever","","112","Melhorar a postura: fortalece a musculatura do core, aumentando a estabilidade e melhorando o suporte da coluna.","",""
"pilates-08","Pilates","Página de Pilates","Item de lista","Reescrever","","89","Aumentar a flexibilidade: ajuda a alongar os músculos para ganhar amplitude de movimento.","",""
"pilates-09","Pilates","Página de Pilates","Item de lista","Reescrever","","107","Reduzir o estresse: através das respirações conscientes, oferece um espaço para relaxamento e concentração.","",""
"pilates-10","Pilates","Página de Pilates","Item de lista","Reescrever","","65","Ajuda na recuperação de lesões e na prevenção de novos problemas.","",""
"pilates-11","Pilates","Página de Pilates","Item de lista","Reescrever","","113","Melhorar o condicionamento físico: um treino completo, que foca em força, mobilidade, estabilidade e resistência.","",""
"pilates-12","Pilates","Página de Pilates","Pergunta","Reescrever","","61","Preciso ter feito fisioterapia antes para fazer Pilates aqui?","",""
"pilates-13","Pilates","Página de Pilates","Resposta","Reescrever","","159","Não. O Pilates é uma modalidade aplicável para todas as pessoas, não só para quem tem dor. É recomendada para qualquer idade e nível de condicionamento físico.","",""
"pilates-14","Pilates","Página de Pilates","Pergunta","Reescrever","","50","Qual a diferença entre o Pilates e a fisioterapia?","",""
"pilates-15","Pilates","Página de Pilates","Resposta","Reescrever","","279","Apesar de também ser uma ferramenta de reabilitação, o pilates é uma atividade física estruturada focada em força, mobilidade e controle. Diferente da fisioterapia, que possui técnicas de analgesia, recursos terapêuticos manuais, cinesioterapia e é focada na reabilitação física.","",""
"pilates-16","Pilates","Página de Pilates","Pergunta","Reescrever","","23","Como é a primeira aula?","",""
"pilates-17","Pilates","Página de Pilates","Resposta","Reescrever","","286","Ao chegar ao nosso estúdio, o aluno comunica seu histórico de lesões, queixas e/ou objetivos com a prática de pilates. O fisioterapeuta que conduz a aula planeja os exercícios individualmente, de acordo com as demandas específicas, e evolui a intensidade no ritmo particular de cada um.","",""
"pilates-18","Pilates","Página de Pilates","Pergunta","Reescrever","","22","As aulas são em grupo?","",""
"pilates-19","Pilates","Página de Pilates","Resposta","Reescrever","","56","Em grupos reduzidos, de no máximo um aluno por aparelho.","",""
"pilates-20","Pilates","Página de Pilates","Título","Reescrever","","39","Pilates com fisioterapeuta em São Paulo","",""
"pilates-21","Pilates","Página de Pilates","Descrição no Google (máx. 160 caracteres)","Reescrever","160","137","Pilates conduzido por fisioterapeutas em São Paulo. Aulas personalizadas, grupos reduzidos e aparelhos completos. Consolação e Pinheiros.","",""
"pilates-22","Pilates","Página de Pilates","Título","Reescrever","","26","Pilates com fisioterapeuta","",""
"pilates-23","Pilates","Página de Pilates","Descrição no Google (máx. 160 caracteres)","Reescrever","160","85","Pilates conduzido por fisioterapeutas, com avaliação postural antes da primeira aula.","",""
"pilates-24","Pilates","Página de Pilates","Nome da condição (usado pelo Google, não aparece na tela)","Opcional","","37","Reabilitação e condicionamento físico","",""
"pilates-25","Pilates","Página de Pilates","Nome","Conferir","","6","Início","",""
"pilates-26","Pilates","Página de Pilates","Nome","Conferir","","7","Pilates","",""
"pilates-27","Pilates","Página de Pilates","Nome do botão para leitor de tela","Reescrever","","6","Trilha","",""
"pilates-28","Pilates","Página de Pilates","Link ou botão","Reescrever","","6","Início","",""
"pilates-29","Pilates","Página de Pilates","Etiqueta acima do título","Reescrever","28","7","Pilates","",""
"pilates-30","Pilates","Página de Pilates","Título","Reescrever","","36","Pilates com *fisioterapeuta*, sempre","",""
"pilates-31","Pilates","Página de Pilates","Texto de apoio abaixo do título","Reescrever","","200","O Pilates é uma atividade completa: fortalece, melhora postura e flexibilidade, e funciona tanto na reabilitação quanto na prevenção de lesões. Aqui, todas as aulas são conduzidas por fisioterapeutas.","",""
"pilates-32","Pilates","Página de Pilates","Botão","Reescrever","30","25","Agendar aula experimental","",""
"pilates-33","Pilates","Página de Pilates","Título de seção (H2)","Reescrever","","9","O estúdio","",""
"pilates-34","Pilates","Página de Pilates","Título de seção (H2)","Reescrever","","21","Para quem é o Pilates","",""
"pilates-35","Pilates","Página de Pilates","Parágrafo","Reescrever","","123","O Pilates é uma prática acessível a pessoas de todas as idades e níveis de condicionamento físico. É ideal para quem busca:","",""
"pilates-36","Pilates","Página de Pilates","Título de seção (H2)","Reescrever","","20","Perguntas frequentes","",""
"pilates-37","Pilates","Página de Pilates","Título de seção (H2)","Reescrever","","13","Onde praticar","",""
"pilates-38","Pilates","Página de Pilates","Botão","Reescrever","30","25","Agendar aula experimental","",""
"unidades-01","Unidades","Página de lista","Título","Reescrever","","8","Unidades","",""
"unidades-02","Unidades","Página de lista","Descrição no Google (máx. 160 caracteres)","Reescrever","160","111","Duas unidades de fisioterapia e Pilates em São Paulo: Consolação (Frei Caneca) e Pinheiros (Fradique Coutinho).","",""
"unidades-03","Unidades","Página de lista","Nome","Conferir","","6","Início","",""
"unidades-04","Unidades","Página de lista","Nome","Conferir","","8","Unidades","",""
"unidades-05","Unidades","Página de lista","Etiqueta acima do título","Reescrever","28","8","Unidades","",""
"unidades-06","Unidades","Página de lista","Título","Reescrever","","19","Onde a gente atende","",""
"unidades-slug-01","Unidades","Página de cada unidade","Título","Reescrever","","38","Fisioterapia e Pilates em {u.district}","",""
"unidades-slug-02","Unidades","Página de cada unidade","Descrição no Google (máx. 160 caracteres)","Reescrever","160","127","Clínica de fisioterapia e Pilates em {u.district}, São Paulo. {u.street}. Atendimento individual conduzido por fisioterapeutas.","",""
"unidades-slug-03","Unidades","Página de cada unidade","Nome","Conferir","","6","Início","",""
"unidades-slug-04","Unidades","Página de cada unidade","Nome","Conferir","","8","Unidades","",""
"unidades-slug-05","Unidades","Página de cada unidade","Nome do botão para leitor de tela","Reescrever","","6","Trilha","",""
"unidades-slug-06","Unidades","Página de cada unidade","Link ou botão","Reescrever","","6","Início","",""
"unidades-slug-07","Unidades","Página de cada unidade","Link ou botão","Reescrever","","8","Unidades","",""
"unidades-slug-08","Unidades","Página de cada unidade","Texto","Reescrever","","7","Unidade","",""
"unidades-slug-09","Unidades","Página de cada unidade","Título principal da página (H1)","Reescrever","","38","Fisioterapia e Pilates em {u.district}","",""
"unidades-slug-10","Unidades","Página de cada unidade","Botão","Reescrever","30","21","Agendar nesta unidade","",""
"unidades-slug-11","Unidades","Página de cada unidade","Link ou botão","Reescrever","","20","Abrir no Google Maps","",""
"unidades-slug-12","Unidades","Página de cada unidade","Título de seção (H2)","Reescrever","","11","Como chegar","",""
"unidades-slug-13","Unidades","Página de cada unidade","Título","Reescrever","","16","Mapa da {u.name}","",""
"unidades-slug-14","Unidades","Página de cada unidade","Título de seção (H2)","Reescrever","","20","A unidade por dentro","",""
"unidades-slug-15","Unidades","Página de cada unidade","Título de seção (H2)","Reescrever","","31","O que atendemos em {u.district}","",""
"unidades-slug-16","Unidades","Página de cada unidade","Item de lista","Reescrever","","9","Pilates →","",""
"units-01","Unidades","Dados das unidades","Nome","Conferir","","18","Unidade Consolação","",""
"units-02","Unidades","Dados das unidades","Nome curto","Conferir","","10","Consolação","",""
"units-03","Unidades","Dados das unidades","Endereço","Conferir","","34","Rua Frei Caneca, 1212, Conjunto 53","",""
"units-04","Unidades","Dados das unidades","Bairro","Conferir","","10","Consolação","",""
"units-05","Unidades","Dados das unidades","Cidade","Conferir","","9","São Paulo","",""
"units-06","Unidades","Dados das unidades","Descrição da imagem (não aparece na tela)","Opcional","","108","Sala de atendimento da unidade Consolação da Vyta, com tablado azul de tratamento e espelho de corpo inteiro","",""
"units-07","Unidades","Dados das unidades","Descrição da imagem (não aparece na tela)","Opcional","","109","Sala de fisioterapia da unidade Consolação, com maca de atendimento, janelas com persianas e piso de madeira.","",""
"units-08","Unidades","Dados das unidades","Descrição da imagem (não aparece na tela)","Opcional","","94","Estúdio de pilates da unidade Consolação com cadillac, escada e barril, parede coral ao fundo.","",""
"units-09","Unidades","Dados das unidades","Descrição da imagem (não aparece na tela)","Opcional","","112","Estúdio de pilates da unidade Consolação iluminado por luz natural, com cadillac, cadeira e espaldar de madeira.","",""
"units-10","Unidades","Dados das unidades","Descrição da imagem (não aparece na tela)","Opcional","","97","Estúdio de pilates da unidade Consolação com letreiro VYTA na parede e variedade de equipamentos.","",""
"units-11","Unidades","Dados das unidades","Nome","Conferir","","16","Unidade Fradique","",""
"units-12","Unidades","Dados das unidades","Nome curto","Conferir","","9","Pinheiros","",""
"units-13","Unidades","Dados das unidades","Endereço","Conferir","","26","Rua Fradique Coutinho, 380","",""
"units-14","Unidades","Dados das unidades","Bairro","Conferir","","9","Pinheiros","",""
"units-15","Unidades","Dados das unidades","Cidade","Conferir","","9","São Paulo","",""
"units-16","Unidades","Dados das unidades","Descrição da imagem (não aparece na tela)","Opcional","","109","Sala de atendimento da unidade Pinheiros da Vyta, com maca de tratamento junto à janela e pia de higienização","",""
"units-17","Unidades","Dados das unidades","Descrição da imagem (não aparece na tela)","Opcional","","89","Sala de fisioterapia da unidade Pinheiros, com espaldar de madeira e maca de atendimento.","",""
"units-18","Unidades","Dados das unidades","Descrição da imagem (não aparece na tela)","Opcional","","95","Detalhe do estúdio de pilates da unidade Pinheiros refletido em espelhos ovais retroiluminados.","",""
"units-19","Unidades","Dados das unidades","Descrição da imagem (não aparece na tela)","Opcional","","86","Cadillac e cadeiras de pilates em destaque no estúdio de pilates da unidade Pinheiros.","",""
"units-20","Unidades","Dados das unidades","Descrição da imagem (não aparece na tela)","Opcional","","84","Corredor do estúdio de pilates da unidade Pinheiros com reformer, cadillac e escada.","",""
"blog-01","Conteúdo","Página de lista","Título","Reescrever","","8","Conteúdo","",""
"blog-02","Conteúdo","Página de lista","Descrição no Google (máx. 160 caracteres)","Reescrever","160","145","Guias sobre reabilitação escritos por fisioterapeutas: AVC, câncer, DPOC, doenças cardiovasculares, incontinência urinária e cuidados paliativos.","",""
"blog-03","Conteúdo","Página de lista","Nome","Conferir","","6","Início","",""
"blog-04","Conteúdo","Página de lista","Nome","Conferir","","8","Conteúdo","",""
"blog-05","Conteúdo","Página de lista","Etiqueta acima do título","Reescrever","28","8","Conteúdo","",""
"blog-06","Conteúdo","Página de lista","Título","Reescrever","","38","O que a gente escreve entre as sessões","",""
"blog-07","Conteúdo","Página de lista","Texto de apoio abaixo do título","Reescrever","","80","Guias sobre as condições que mais aparecem na clínica, escritos por quem atende.","",""
"blog-slug-01","Conteúdo","Moldura de cada texto","Nome","Conferir","","6","Início","",""
"blog-slug-02","Conteúdo","Moldura de cada texto","Nome","Conferir","","8","Conteúdo","",""
"blog-slug-03","Conteúdo","Moldura de cada texto","Nome do botão para leitor de tela","Reescrever","","6","Trilha","",""
"blog-slug-04","Conteúdo","Moldura de cada texto","Link ou botão","Reescrever","","6","Início","",""
"blog-slug-05","Conteúdo","Moldura de cada texto","Link ou botão","Reescrever","","8","Conteúdo","",""
"blog-slug-06","Conteúdo","Moldura de cada texto","Texto","Reescrever","","14","min de leitura","",""
"blog-slug-07","Conteúdo","Moldura de cada texto","Texto","Reescrever","","11","Revisado em","",""
"blog-slug-08","Conteúdo","Moldura de cada texto","Parágrafo","Reescrever","","113","Se algo aqui descreve o que você está vivendo, conta pra gente. A avaliação define o que faz sentido no seu caso.","",""
"blog-slug-09","Conteúdo","Moldura de cada texto","Botão","Reescrever","30","28","Falar com uma fisioterapeuta","",""
"not-found-01","Página não encontrada","Erro 404","Etiqueta acima do título","Reescrever","28","21","Página não encontrada","",""
"not-found-02","Página não encontrada","Erro 404","Título","Reescrever","","22","Essa página não existe","",""
"not-found-03","Página não encontrada","Erro 404","Texto de apoio abaixo do título","Reescrever","","95","O endereço que você acessou não foi encontrado. Pode ter mudado de lugar ou nunca ter existido.","",""
"not-found-04","Página não encontrada","Erro 404","Botão","Reescrever","30","20","Voltar para o início","",""
"not-found-05","Página não encontrada","Erro 404","Botão","Reescrever","30","20","Ver áreas de atuação","",""